행정동_ID,행정동코드,행정동이름
11010720,1111051500,청운효자동
11010530,1111053000,사직동
11010540,1111054000,삼청동
11010550,1111055000,부암동
11010560,1111056000,평창동
11010570,1111057000,무악동
11010580,1111058000,교남동
11010600,1111060000,가회동
11010610,1111061500,종로1.2.3.4가동
11010630,1111063000,종로5.6가동
11010640,1111064000,이화동
11010730,1111065000,혜화동
11010670,1111067000,창신제1동
11010680,1111068000,창신제2동
11010690,1111069000,창신제3동
11010700,1111070000,숭인제1동
11010710,1111071000,숭인제2동
11020520,1114052000,소공동
11020540,1114054000,회현동
11020550,1114055000,명동
11020570,1114057000,필동
11020580,1114058000,장충동
11020590,1114059000,광희동
11020600,1114060500,을지로동
11020690,1114061500,신당동
11020700,1114062500,다산동
11020710,1114063500,약수동
11020720,1114064500,청구동
11020650,1114065000,신당제5동
11020730,1114066500,동화동
11020670,1114067000,황학동
11020680,1114068000,중림동
11030510,1117051000,후암동
11030520,1117052000,용산2가동
11030530,1117053000,남영동
11030710,1117055500,청파동
11030720,1117056000,원효로제1동
11030570,1117057000,원효로제2동
11030580,1117058000,효창동
11030590,1117059000,용문동
11030730,1117062500,한강로동
11030630,1117063000,이촌제1동
11030640,1117064000,이촌제2동
11030650,1117065000,이태원제1동
11030660,1117066000,이태원제2동
11030740,1117068500,한남동
11030690,1117069000,서빙고동
11030700,1117070000,보광동
11040520,1120052000,왕십리제2동
11040710,1120053500,왕십리도선동
11040540,1120054000,마장동
11040550,1120055000,사근동
11040560,1120056000,행당제1동
11040570,1120057000,행당제2동
11040580,1120058000,응봉동
11040590,1120059000,금호1가동
11040720,1120061500,금호2.3가동
11040620,1120062000,금호4가동
11040730,1120064500,옥수동
11040650,1120065000,성수1가제1동
11040660,1120066000,성수1가제2동
11040670,1120067000,성수2가제1동
11040680,1120069000,성수2가제3동
11040690,1120072000,송정동
11040700,1120079000,용답동
11050530,1121571000,화양동
11050540,1121573000,군자동
11050550,1121574000,중곡제1동
11050560,1121575000,중곡제2동
11050570,1121576000,중곡제3동
11050580,1121577000,중곡제4동
11050590,1121578000,능동
11050630,1121581000,광장동
11050640,1121582000,자양제1동
11050650,1121583000,자양제2동
11050660,1121584000,자양제3동
11050670,1121584700,자양제4동
11050600,1121585000,구의제1동
11050610,1121586000,구의제2동
11050620,1121587000,구의제3동
11060810,1123053600,용신동
11060820,1123054500,제기동
11060830,1123056000,전농제1동
11060840,1123057000,전농제2동
11060910,1123060000,답십리제1동
11060860,1123061000,답십리제2동
11060870,1123065000,장안제1동
11060880,1123066000,장안제2동
11060800,1123070500,청량리동
11060710,1123071000,회기동
11060720,1123072000,휘경제1동
11060730,1123073000,휘경제2동
11060890,1123074000,이문제1동
11060900,1123075000,이문제2동
11070520,1126052000,면목제2동
11070540,1126054000,면목제4동
11070550,1126055000,면목제5동
11070710,1126056500,면목본동
11070570,1126057000,면목제7동
11070720,1126057500,면목제3.8동
11070590,1126058000,상봉제1동
11070600,1126059000,상봉제2동
11070610,1126060000,중화제1동
11070620,1126061000,중화제2동
11070640,1126062000,묵제1동
11070650,1126063000,묵제2동
11070730,1126065500,망우본동
11070680,1126066000,망우제3동
11070690,1126068000,신내1동
11070700,1126069000,신내2동
11080810,1129052500,성북동
11080820,1129055500,삼선동
11080830,1129057500,동선동
11080580,1129058000,돈암제1동
11080590,1129059000,돈암제2동
11080600,1129060000,안암동
11080610,1129061000,보문동
11080620,1129062000,정릉제1동
11080630,1129063000,정릉제2동
11080640,1129064000,정릉제3동
11080650,1129065000,정릉제4동
11080660,1129066000,길음제1동
11080680,1129068500,길음제2동
11080840,1129070500,종암동
11080710,1129071500,월곡제1동
11080720,1129072500,월곡제2동
11080760,1129076000,장위제1동
11080770,1129077000,장위제2동
11080780,1129078000,장위제3동
11080850,1129081000,석관동
11090690,1130553400,삼양동
11090700,1130553500,미아동
11090710,1130554500,송중동
11090720,1130555500,송천동
11090730,1130557500,삼각산동
11090600,1130559500,번1동
11090610,1130560300,번2동
11090620,1130560800,번3동
11090630,1130561500,수유1동
11090640,1130562500,수유2동
11090650,1130563500,수유3동
11090740,1130564500,우이동
11090750,1130566000,인수동
11100590,1132051100,창제1동
11100600,1132051200,창제2동
11100610,1132051300,창제3동
11100620,1132051400,창제4동
11100630,1132051500,창제5동
11100640,1132052100,도봉제1동
11100650,1132052200,도봉제2동
11100510,1132066000,쌍문제1동
11100520,1132067000,쌍문제2동
11100530,1132068000,쌍문제3동
11100540,1132068100,쌍문제4동
11100550,1132069000,방학제1동
11100560,1132070000,방학제2동
11100570,1132071000,방학제3동
11110510,1135056000,월계1동
11110520,1135057000,월계2동
11110530,1135058000,월계3동
11110790,1135059500,공릉1동
11110560,1135060000,공릉2동
11110580,1135061100,하계1동
11110590,1135061200,하계2동
11110600,1135061900,중계본동
11110610,1135062100,중계1동
11110640,1135062400,중계4동
11110780,1135062500,중계2.3동
11110650,1135063000,상계1동
11110660,1135064000,상계2동
11110760,1135066500,상계3.4동
11110690,1135067000,상계5동
11110770,1135069500,상계6.7동
11110720,1135070000,상계8동
11110730,1135071000,상계9동
11110740,1135072000,상계10동
11120510,1138051000,녹번동
11120520,1138052000,불광제1동
11120720,1138053000,불광제2동
11120550,1138055100,갈현제1동
11120560,1138055200,갈현제2동
11120570,1138056000,구산동
11120580,1138057000,대조동
11120590,1138058000,응암제1동
11120600,1138059000,응암제2동
11120730,1138060000,응암제3동
11120740,1138062500,역촌동
11120650,1138063100,신사제1동
11120660,1138063200,신사제2동
11120670,1138064000,증산동
11120680,1138065000,수색동
11120710,1138069000,진관동
11130520,1141052000,천연동
11130740,1141055500,북아현동
11130730,1141056500,충현동
11130750,1141058500,신촌동
11130760,1141061500,연희동
11130620,1141062000,홍제제1동
11130640,1141064000,홍제제3동
11130650,1141065500,홍제제2동
11130660,1141066000,홍은제1동
11130680,1141068500,홍은제2동
11130690,1141069000,남가좌제1동
11130700,1141070000,남가좌제2동
11130710,1141071000,북가좌제1동
11130720,1141072000,북가좌제2동
11140780,1144055500,아현동
11140770,1144056500,공덕동
11140750,1144058500,도화동
11140590,1144059000,용강동
11140600,1144060000,대흥동
11140610,1144061000,염리동
11140630,1144063000,신수동
11140760,1144065500,서강동
11140660,1144066000,서교동
11140680,1144068000,합정동
11140690,1144069000,망원제1동
11140700,1144070000,망원제2동
11140710,1144071000,연남동
11140720,1144072000,성산제1동
11140730,1144073000,성산제2동
11140740,1144074000,상암동
11150510,1147051000,목1동
11150520,1147052000,목2동
11150530,1147053000,목3동
11150540,1147054000,목4동
11150710,1147055000,목5동
11150570,1147056000,신월1동
11150580,1147057000,신월2동
11150590,1147058000,신월3동
11150600,1147059000,신월4동
11150610,1147060000,신월5동
11150620,1147061000,신월6동
11150630,1147061100,신월7동
11150640,1147062000,신정1동
11150650,1147063000,신정2동
11150660,1147064000,신정3동
11150720,1147065000,신정4동
11150690,1147067000,신정6동
11150700,1147068000,신정7동
11160510,1150051000,염창동
11160520,1150052000,등촌제1동
11160530,1150053000,등촌제2동
11160540,1150053500,등촌제3동
11160730,1150054000,화곡제1동
11160570,1150055000,화곡제2동
11160580,1150056000,화곡제3동
11160590,1150057000,화곡제4동
11160550,1150059000,화곡본동
11160610,1150059100,화곡제6동
11160630,1150059300,화곡제8동
11160640,1150060300,가양제1동
11160650,1150060400,가양제2동
11160660,1150060500,가양제3동
11160670,1150061100,발산제1동
11160740,1150061500,우장산동
11160690,1150062000,공항동
11160700,1150063000,방화제1동
11160710,1150064000,방화제2동
11160720,1150064100,방화제3동
11170510,1153051000,신도림동
11170520,1153052000,구로제1동
11170710,1153053000,구로제2동
11170540,1153054000,구로제3동
11170550,1153055000,구로제4동
11170560,1153056000,구로제5동
11170700,1153059500,가리봉동
11170610,1153072000,고척제1동
11170620,1153073000,고척제2동
11170720,1153074000,개봉제1동
11170640,1153075000,개봉제2동
11170650,1153076000,개봉제3동
11170670,1153077000,오류제1동
11170730,1153078000,오류제2동
11170740,1153080000,항동
11170690,1153079000,수궁동
11180510,1154551000,가산동
11180520,1154561000,독산제1동
11180530,1154562000,독산제2동
11180540,1154563000,독산제3동
11180550,1154564000,독산제4동
11180570,1154567000,시흥제1동
11180580,1154568000,시흥제2동
11180590,1154569000,시흥제3동
11180600,1154570000,시흥제4동
11180610,1154571000,시흥제5동
11190730,1156051500,영등포본동
11190740,1156053500,영등포동
11190540,1156054000,여의동
11190550,1156055000,당산제1동
11190560,1156056000,당산제2동
11190750,1156058500,도림동
11190760,1156060500,문래동
11190610,1156061000,양평제1동
11190620,1156062000,양평제2동
11190630,1156063000,신길제1동
11190650,1156065000,신길제3동
11190660,1156066000,신길제4동
11190670,1156067000,신길제5동
11190680,1156068000,신길제6동
11190690,1156069000,신길제7동
11190700,1156070000,대림제1동
11190710,1156071000,대림제2동
11190720,1156072000,대림제3동
11200720,1159051000,노량진제1동
11200520,1159052000,노량진제2동
11200530,1159053000,상도제1동
11200540,1159054000,상도제2동
11200550,1159055000,상도제3동
11200560,1159056000,상도제4동
11200710,1159060500,흑석동
11200630,1159062000,사당제1동
11200730,1159063000,사당제2동
11200650,1159064000,사당제3동
11200660,1159065000,사당제4동
11200670,1159065100,사당제5동
11200680,1159066000,대방동
11200690,1159067000,신대방제1동
11200700,1159068000,신대방제2동
11210520,1162052500,보라매동
11210540,1162054500,청림동
11210790,1162056500,성현동
11210570,1162057500,행운동
11210580,1162058500,낙성대동
11210800,1162059500,청룡동
11210780,1162060500,은천동
11210610,1162061500,중앙동
11210620,1162062500,인헌동
11210630,1162063000,남현동
11210640,1162064500,서원동
11210650,1162065500,신원동
11210660,1162066500,서림동
11210680,1162068500,신사동
11210690,1162069500,신림동
11210710,1162071500,난향동
11210720,1162072500,조원동
11210730,1162073500,대학동
11210820,1162074500,삼성동
11210830,1162076500,미성동
11210810,1162077500,난곡동
11220510,1165051000,서초1동
11220520,1165052000,서초2동
11220530,1165053000,서초3동
11220540,1165053100,서초4동
11220550,1165054000,잠원동
11220560,1165055000,반포본동
11220570,1165056000,반포1동
11220580,1165057000,반포2동
11220590,1165058000,반포3동
11220600,1165058100,반포4동
11220610,1165059000,방배본동
11220620,1165060000,방배1동
11220630,1165061000,방배2동
11220640,1165062000,방배3동
11220650,1165062100,방배4동
11220660,1165065100,양재1동
11220670,1165065200,양재2동
11220680,1165066000,내곡동
11230510,1168051000,신사동
11230520,1168052100,논현1동
11230530,1168053100,논현2동
11230770,1168054500,압구정동
11230780,1168056500,청담동
11230580,1168058000,삼성1동
11230590,1168059000,삼성2동
11230600,1168060000,대치1동
11230790,1168061000,대치2동
11230630,1168063000,대치4동
11230640,1168064000,역삼1동
11230650,1168065000,역삼2동
11230660,1168065500,도곡1동
11230670,1168065600,도곡2동
11230680,1168066000,개포1동
11230800,1168067000,개포2동
11230511,1168067500,개포3동
11230710,1168069000,개포4동
11230760,1168070000,세곡동
11230720,1168072000,일원본동
11230730,1168073000,일원1동
11230750,1168075000,수서동
11240510,1171051000,풍납1동
11240520,1171052000,풍납2동
11240530,1171053100,거여1동
11240540,1171053200,거여2동
11240550,1171054000,마천1동
11240560,1171055000,마천2동
11240570,1171056100,방이1동
11240580,1171056200,방이2동
11240590,1171056600,오륜동
11240600,1171057000,오금동
11240610,1171058000,송파1동
11240620,1171059000,송파2동
11240630,1171060000,석촌동
11240640,1171061000,삼전동
11240650,1171062000,가락본동
11240660,1171063100,가락1동
11240670,1171063200,가락2동
11240680,1171064100,문정1동
11240690,1171064200,문정2동
11240810,1171064600,장지동
11240820,1171064700,위례동
11240710,1171065000,잠실본동
11240790,1171067000,잠실2동
11240800,1171068000,잠실3동
11240750,1171069000,잠실4동
11240770,1171071000,잠실6동
11240780,1171072000,잠실7동
11250750,1174051500,강일동
11250760,1174052500,상일제1동
11250770,1174052600,상일제2동
11250530,1174053000,명일제1동
11250540,1174054000,명일제2동
11250550,1174055000,고덕제1동
11250560,1174056000,고덕제2동
11250720,1174057000,암사제1동
11250580,1174058000,암사제2동
11250590,1174059000,암사제3동
11250610,1174060000,천호제1동
11250730,1174061000,천호제2동
11250630,1174062000,천호제3동
11250650,1174064000,성내제1동
11250660,1174065000,성내제2동
11250670,1174066000,성내제3동
11250740,1174068500,길동
11250700,1174069000,둔촌제1동
11250710,1174070000,둔촌제2동
